Time,EF-Scale,Location,County,State,LAT,LON,Remarks,Lat,Lon
1202,UNK,7 E HESTAND,MONROE,KY,3667,8550,TWO LARGE BARNS AND SEVERAL OUTBUILDINGS WERE DESTROYED. HUNDREDS OF HARDWOOD TREES WERE SNAPPED AND UPROOTED...WITH A FEW TREES LANDING ON HOUSES CAUSING ROOF DAMAGE. (LMK),36.67,-85.5
1240,UNK,1 NW TRENTON,DADE,GA,3488,8552,NWS STORM SURVEY DETERMINED THAT AN EF1 TORNADO TOUCHED DOWN AROUND 840 AM EDT. THE PATH LENGTH WAS 7 MILES WITH A WIDTH OF 50 YARDS. MINOR DAMAGE WAS SUSTAINED TO SEVE (FFC),34.88,-85.52
1245,UNK,21 SSW JAMESTOWN,FENTRESS,TN,3615,8508,SURVEY TEAM REPORTS AN EF0 TORNADO ABOUT 1 MILE NORTH OF THE PUTNAM-FENTRESS COUNTY LINE NEAR HIGHWAY 62. (OHX),36.15,-85.08
1247,UNK,5 NW CROSSVILLE,CUMBERLAND,TN,3600,8510,EF-0 TORNADO WITH MAXIMUM WINDS 70 TO 80 MPH TOUCHED DOWN NEAR THE INTERSECTION OF POMONA RD AND HWY 70. DAMAGE CONTINUED NORTHEAST APPROXIMATELY 4.5 MILES TO NEAR THE (OHX),36,-85.1
1255,UNK,LOOKOUT MOUNTAIN,HAMILTON,TN,3501,8535,EF2. PATH LENGTH OF 1.5 MILES. PATH WIDTH OF 500 YARDS. MAX WIND OF 110 MPH. (MRX),35.01,-85.35
1304,UNK,LOOKOUT MOUNTAIN,HAMILTON,TN,3501,8535,POSSIBLE TORNADO NEAR LOOKOUT MOUNTAIN. DAMAGE IN LOOKOUT MOUNTAIN...LOOKOUT VALLEY AND ST ELMO. SEVERAL TREES AND POWER LINES DOWN SOME HOMES AND BUSINESS DAMAGED. (MRX),35.01,-85.35
1304,UNK,RED BANK,HAMILTON,TN,3511,8529,EF1 TORNADO TOUCHDOWN ALONG ASHLAND TERRACE ROAD. PATH LENGTH OF 2 MILES. PATH WIDTH OF 250 YARDS. MAX WINDS 90 MPH. (MRX),35.11,-85.29
1308,UNK,1 W HARRISON,HAMILTON,TN,3513,8516,EF1. PATGH LENGTH OF 0.5 MILES. PATH WIDTH OF 100 YARDS. MAX WIND OF 70 MPH. ALONG NORTH HICKORY VALLEY RD. (MRX),35.13,-85.16
1345,UNK,5 NNW CLEVELAND,BRADLEY,TN,3524,8490,*** 1 INJ *** EF2 TORNADO TOUCHDOWN ON MT ZION RD. 3 MOBILE HOMES DESTROYED. 2 MILE PATH LENGTH. PATH WIDTH FROM 200 TO 300 YARDS WIDE. MAX WINDS 120 MPH. (MRX),35.24,-84.9
1345,UNK,5 SE BIRCHWOOD,MEIGS,TN,3531,8493,EMA REPORTED POSSIBLE TORNADO TOUCHDOWN ON MT ZION RD NEAR GEORGETOWN...SEVERL HOMES DAMAGED SOME POTENTIALLY DESTROYED. (MRX),35.31,-84.93
1348,UNK,7 SSW DECATUR,MEIGS,TN,3543,8484,POSSIBLE TORNADO TOUCHDOWN NEAR BRITTSVILLE RD AND HIWASSE BRIDGE. SEVERAL TREES AND POWER LINES DOWN REPORTED BY DISPATCH. (MRX),35.43,-84.84
1353,UNK,NEW CARLISLE,CLARK,OH,3994,8403,NWS STORM SURVEY CONFIRMS LOW-END EF0 TORNADO WHICH TOUCHED DOWN SOUTH OF NEW CARLISLE AND TERMINATED ON THE NORTHEAST SIDE OF THE CITY. DAMAGE INCLUDED UPROOTED TREES. (ILN),39.94,-84.03
1415,UNK,ESPERANZA,PONTOTOC,MS,3435,8916,BRIEF TORNADO TOUCHDOWN. NO DAMAGE (MEG),34.35,-89.16
1537,UNK,6 S LAWRENCEBURG,LAWRENCE,TN,3516,8734,TORNADO WITH DAMAGE ON PURCELL LANE IN LEOMA (OHX),35.16,-87.34
1537,UNK,6 S LAWRENCEBURG,LAWRENCE,TN,3516,8734,TORNADO WITH DEBRIS WITNESSED BY MULTIPLE SPOTTERS IN LEOMA (OHX),35.16,-87.34
1629,UNK,1 N DECATUR,MORGAN,AL,3462,8698,TOUCHDOWN JUST NORTH OF DECATUR (HUN),34.62,-86.98
1631,UNK,ATHENS,LIMESTONE,AL,3480,8697,DEBRIS NEAR ATHENS HIGH SCHOOL (HUN),34.8,-86.97
1730,UNK,2 E SOMERVILLE,MORGAN,AL,3447,8676,NEAR ANTIOCH (HUN),34.47,-86.76
1839,UNK,5 NE WATER VALLEY,LAFAYETTE,MS,3421,8957,*** 2 INJ *** A NUMBER OF HOMES AND MOBILE HOMES WERE DAMAGED ALONG THE PATH. EF-3 TORNADO WITH 140 MPH WINDS. PATH LENGTH 13.6 MILES. MAX WIDTH 1/4 MILE. END PT. 34.32 (MEG),34.21,-89.57
1850,UNK,9 S OXFORD,LAFAYETTE,MS,3423,8953,CONFIRMED TRAILER DESTROYED. HOUSE PARTIALLY DESTROYED. MANY TREES AND POWERLINES DOWN. (MEG),34.23,-89.53
1853,UNK,OXFORD,LAFAYETTE,MS,3436,8953,TORNADO TOUCHDOWN WITH DAMAGE. EXTENT UNKNOWN. COUNTY ROADS 369 AND 469 SOUTH OF OXFORD. (MEG),34.36,-89.53
1900,UNK,SPEAKE,LAWRENCE,AL,3442,8717,TORNADO REPORTED ON THE GROUND. (HUN),34.42,-87.17
1928,UNK,5 N PHILADELPHIA,NESHOBA,MS,3285,8911,STRUCTURAL DAMAGE AND NUMEROUS TREES UPROOTED. POWER LINES DOWN ACROSS HIGHWAY 21. (JAN),32.85,-89.11
1930,UNK,1 N PHILADELPHIA,NESHOBA,MS,3279,8911,*** 3 FATAL,32.79,-89.11
1936,UNK,1 W CLEVELAND,BRADLEY,TN,3518,8489,EF1. MAX WINDS 90 MPH. 2 MILE PATH LENGTH. MAX WIDTH OF 150 YARDS. (MRX),35.18,-84.89
1943,UNK,4 E NANIH WAIYA,KEMPER,MS,3292,8889,EXTENSIVE DAMAGE...MOBILE HOMES DAMAGED OR DESTROYED...LARGE NUMBERS OF TREES DOWN PREVENTING EMERGENCY WORKERS FROM GETTING INTO AREA. UNKNOWN NUMBER OF INJURIES. (JAN),32.92,-88.89
1943,UNK,4 SSW NANIH WAIYA,NESHOBA,MS,3287,8897,CHICKEN HOUSES BLOWN AWAY. TORNADO REPORTED ON GROUND BY EMERGENCY MANAGEMENT SPOTTERS. (JAN),32.87,-88.97
1944,UNK,2 SSE NANIH WAIYA,NESHOBA,MS,3290,8894,TORNADO STILL ON THE GROUND (JAN),32.9,-88.94
1945,UNK,GOOD HOPE,CULLMAN,AL,3411,8686,TORNADO ON THE GROUND. (HUN),34.11,-86.86
1945,UNK,4 E NANIH WAIYA,KEMPER,MS,3292,8889,*** 3 FATAL *** UPDATE...EXTENSIVE DAMAGE...MOBILE HOMES DAMAGED OR DESTROYED...LARGE NUMBERS OF TREES DOWN PREVENTING EMERGENCY WORKERS FROM GETTING INTO AREA. MEDIA R (JAN),32.92,-88.89
1946,UNK,5 WSW GOOD HOPE,CULLMAN,AL,3409,8696,TORNADO ON THE GROUND NEAR THE INTERSECTION OF CR 222 AND CR 310 NEAR GOOD HOPE. (HUN),34.09,-86.96
1948,UNK,3 N BELLEFONTAINE,WEBSTER,MS,3369,8931,THE TORNADO SNAPPED A FEW TREES ALONG THE PATH IN WEBSTER COUNTY BEFORE ENTERING CALHOUN COUNTY. EF1 RATING PRELIMINARY PENDING COORDINATION WITH WFO MEG. SURVEY DONE V (JAN),33.69,-89.31
1948,UNK,5 SE VERNON,WINSTON,MS,3293,8887,*** 7 INJ *** 10-20 HOMES SEVERELY DAMAGED ALONG WITH NUMEROUS TREES DOWN AND ROADS BLOCKED. THE TORNADO CROSSED HWY 397...SHUQUALAK RD AND ROY JR RD AS IT MOVED INTO S (JAN),32.93,-88.87
1948,UNK,5 SE VERNON,WINSTON,MS,3293,8887,HOME DAMAGED IN THE NANIH WAIYA COMMUNITY (JAN),32.93,-88.87
1950,UNK,3 ESE HINKLE,ALCORN,MS,3477,8851,MINOR DAMAGE TO A COUPLE HOUSES WITH TREES DOWN. EF-0 TORNADO WITH ESTIMATED WINDS OF 65 MPH. PATH LENGTH OF 2.32 MILES. MAX PATH WIDTH OF 50 YARDS. END PT. 34.7941,34.77,-88.51
1957,UNK,2 E RIENZI,ALCORN,MS,3477,8850,TORNADO ON THE GROUND AT HWY 356 EAST OF RIENZI. DEBRIS IN THE AIR WEST OF LEEDY (MEG),34.77,-88.5
1957,UNK,4 N TRACE STATE PARK,PONTOTOC,MS,3432,8888,DAMAGE TO A COUPLE HOMES WITH TREES DOWN. EF-0 TORNADO WITH ESTIMATED WINDS OF 70 MPH. PATH LENGTH OF 1.02 MILES. MAX PATH WIDTH OF 75 YARDS. END PT. 34.3259,34.32,-88.88
2004,UNK,2 NNW WOODLAND,CHICKASAW,MS,3381,8907,*** 7 FATAL,33.81,-89.07
2004,UNK,2 NNW WOODLAND,CHICKASAW,MS,3381,8907,*** 7 FATAL,33.81,-89.07
2005,UNK,5 NNE DETROIT,MARION,AL,3409,8813,*** 18 FATAL *** AN EF-5 TORNADO TOUCHED DOWN SW OF HAMILTON AND MOVED NE ACROSS MARION COUNTY AND CONTINUED INTO FRANKLIN COUNTY...SEE LSR/S FROM WFO HUN. THE TORNADO (BMX),34.09,-88.13
2005,UNK,5 NNE DETROIT,MARION,AL,3409,8813,*** 25 FATAL *** AN EF-5 TORNADO TOUCHED DOWN SW OF HAMILTON AND MOVED NE ACROSS MARION COUNTY AND CONTINUED INTO FRANKLIN COUNTY...SEE LSR/S FROM WFO HUN. THE TORNADO (BMX),34.09,-88.13
2006,UNK,1 S VAIDEN,CARROLL,MS,3332,8975,10 HOMES DAMAGED...TREES AND POWERLINES DOWN...NO INJURIES (JAN),33.32,-89.75
2006,UNK,5 NNW CRYSTAL SPRINGS,HINDS,MS,3205,9039,SPOTTERS REPORT TORNADO ON THE GROUND (JAN),32.05,-90.39
2006,UNK,5 SW MACON,NOXUBEE,MS,3306,8863,SPOTTER REPORTS TORNADO ON THE GROUND (JAN),33.06,-88.63
2007,UNK,BAILEYTON,CULLMAN,AL,3426,8661,TORNADO ON THE GROUND (HUN),34.26,-86.61
2009,UNK,2 SW MACON,NOXUBEE,MS,3309,8859,TREES DOWN (JAN),33.09,-88.59
2010,UNK,3 SE HOUSTON,CHICKASAW,MS,3387,8896,*** 3 FATAL,33.87,-88.96
2011,UNK,5 NW CRYSTAL SPRINGS,COPIAH,MS,3204,9042,*** 2 INJ *** EF2 TORNADO OCCURRED ALONG THE COPIAH/HIND LINE JUST NW OF CRYSTAL SPRINGS TO JUST S OF TERRY. DAMAGE BEGAN JUST WEST OF GALLITON RD...THEN CROSSED HWY 27 (JAN),32.04,-90.42
2014,UNK,HAMILTON,MARION,AL,3414,8798,TORNADO REPORTED ON THE GROUD JUST WEST OF THE MARION COUNTY AIRPORT IN HAMILTON. (BMX),34.14,-87.98
2014,UNK,6 NW CRYSTAL SPRINGS,COPIAH,MS,3205,9043,*** 1 INJ *** AT LEAST 3 HOMES DAMAGED...TWO REPORTED AS DESTROYED NEAR THE HINDS COUNTY LINE. (JAN),32.05,-90.43
2014,UNK,6 NW CRYSTAL SPRINGS,COPIAH,MS,3205,9043,*** 2 INJ *** 1 HOME DESTROYED...5 HOMES WITH MAJOR DAMAGE...5 MORE UNLIVEABLE. DMG OCCURRED ALONG HWY 27 TO THE HINDS COUNTY LINE. (JAN),32.05,-90.43
2015,UNK,BALDWYN,LEE,MS,3450,8863,MOVING TOWARD WHEELER (MEG),34.5,-88.63
2015,UNK,5 SSW KILMICHAEL,MONTGOMERY,MS,3337,8959,HEAVY TREE AND POWERLINE DAMAGE REPORTED NEAR POPLAR CREEK...KILMICHAEL AREAS...LIKELY TORNADO BASED ON RADAR...REPORTED VIA NWS JAN FACEBOOK PAGE (JAN),33.37,-89.59
2016,UNK,HULACO,MORGAN,AL,3431,8660,TORNADO ON GROUND (HUN),34.31,-86.6
2017,UNK,4 SE HOUSTON,CHICKASAW,MS,3386,8895,LARGE TORNADO REPORTED BY CHASERS (MEG),33.86,-88.95
2018,UNK,3 NE MACON,NOXUBEE,MS,3315,8852,THIS TORNADO TOUCHED DOWN ALONG MACEDONIA CEMETARY RD AN TRACKED 9 MI TO NEAR THE INTERSECTION OF HWY 792 AND HWY 388. MANY TREES WERE SNAPPED/UPROOTED ALONG THE PATH. (JAN),33.15,-88.52
2020,UNK,3 SW TERRY,HINDS,MS,3207,9033,SPOTTER REPORTED TORNADO CROSSING MIDWAY RD (JAN),32.07,-90.33
2023,UNK,JOPPA,CULLMAN,AL,3430,8656,TORNADO ON THE GROUND (HUN),34.3,-86.56
2023,UNK,8 NE MACON,NOXUBEE,MS,3320,8846,TWO BARNS DESTROYED ALONG WITH TREES DOWN ALONG DEERBROOK RD. (JAN),33.2,-88.46
2023,UNK,9 E JONESBORO,CRAIGHEAD,AR,3582,9053,TORNADO ON THE GROUND BETWEEN BLACK OAK AND MONNET (MEG),35.82,-90.53
2024,UNK,3 NNW ARAB,MARSHALL,AL,3436,8651,TORNADO ON THE GROUND (HUN),34.36,-86.51
2025,UNK,HULACO,MORGAN,AL,3431,8660,STRUCTURAL DAMAGE ON HWY 67 (HUN),34.31,-86.6
2027,UNK,4 S POLKVILLE,SMITH,MS,3213,8969,TORNADO RATED EF3 WITH MAXIMUM WIND SPEED OF 130 MPH...PATH LENGTH OF 8.2 MILES AND PATH WIDTH OF ONE QUARTER MILE MOVING FROM 3.6 MILES SOUTH OF POLKVILLE TO 2.6 MILES (JAN),32.13,-89.69
2028,UNK,HACKLEBURG,MARION,AL,3427,8783,TORNADO ON GROUND JUST MOVED THROUGH DOWNTOWN HACKLEBURG. IN NOW NORTH OF 345. (BMX),34.27,-87.83
2028,UNK,HACKLEBURG,MARION,AL,3427,8783,TORNADO ON GROUND JUST MOVED THROUGH DOWNTOWN HACLEBURG. IN NOW NORTH OF 345. (BMX),34.27,-87.83
2028,UNK,3 S OKOLONA,CHICKASAW,MS,3396,8875,TORNADO ON THE GROUND SOUTH OF OKOLONA (MEG),33.96,-88.75
2030,UNK,PHIL CAMPBELL,FRANKLIN,AL,3435,8771,TORNADO ON GROUND ON HIGHWAY 243 IN PHIL CAMPBELL. (HUN),34.35,-87.71
2031,UNK,3 S LEACHVILLE,MISSISSIPPI,AR,3588,9026,TORNADO ON THE GROUND (MEG),35.88,-90.26
2032,UNK,NEW WREN,MONROE,MS,3397,8862,*** 4 FATAL *** EMERGENCY MANAGER REPORTS 4 PRELIMINARY FATALITIES AND SIGNIFICANT DAMAGE. ADDITIONAL INJURIES UNKNOWN. (MEG),33.97,-88.62
2035,UNK,ARAB,MARSHALL,AL,3432,8650,NUMEROUS STRUCTURES DAMAGED ALONG HWY69 ARAB TO MARSHALL MEDICAL NORTH. POSSIBLE INJURIES (HUN),34.32,-86.5
2038,UNK,3 ENE PICKENSVILLE,PICKENS,AL,3325,8822,*** 10 FATAL *** A LONG TRACK TORNADO STARTED 3 MILES NORTHEAST OF PICKENSVILLE. A CONTINUOUS PATH OF DAMAGE WASNOTED FROM HERE TO CORDOVA WITH MAXIMUM DAMAGE OBSERVED (BMX),33.25,-88.22
2040,UNK,NEW HOPE,MADISON,AL,3454,8642,DEBRIS FALLING OUT OF SKY. LOCATION WAS MAPLE ROAD AND BUTLER MILL ROAD. (HUN),34.54,-86.42
2043,UNK,UNION GROVE,MARSHALL,AL,3440,8645,POWER LINES DOWN AND DEBRIS BLOCKING ROADS. (HUN),34.4,-86.45
2044,UNK,SMITHVILLE,MONROE,MS,3407,8840,*** 13 FATAL,34.07,-88.4
2044,UNK,SMITHVILLE,MONROE,MS,3407,8840,*** 14 FATAL,34.07,-88.4
2044,UNK,SMITHVILLE,MONROE,MS,3407,8840,*** 8 FATAL *** EMERGENCY MANAGER REPORTS MAJOR DAMAGE IN SMITHVILLE,34.07,-88.4
2044,UNK,SMITHVILLE,MONROE,MS,3407,8840,AMATEUR RADIO COORDINATOR FOR NORTHEAST MISSISSIPPI REPORTS MAJOR DAMAGE IN SMITHVILLE,34.07,-88.4
2045,UNK,6 ENE SCOOBA,KEMPER,MS,3287,8839,EXTENSIVE DAMAGE ON SUNFLOWER AND BINNSVILLE ROADS (JAN),32.87,-88.39
2046,UNK,MT HOPE,LAWRENCE,AL,3446,8748,TORNADO ON GROUND WITH DEBRIS AND ROARING SOUND. (HUN),34.46,-87.48
2047,UNK,2 ENE SCOOBA,KEMPER,MS,3284,8845,TORNADO RATED HIGH-END EF2 WITH 135 MPH WINDS...PATH LENGTH OF 7 MILES AND PATH WIDTH OF ONE HALF MILE MOVING FROM 2 NE OF SCOOBA TO 9 MILES NE SCOOBA WHERE IT CONTINUE (JAN),32.84,-88.45
2048,UNK,MT HOPE,LAWRENCE,AL,3446,8748,TORNADO ON GROUND. (HUN),34.46,-87.48
2052,UNK,HATTON,LAWRENCE,AL,3456,8741,MT HOPE TO HATTON. NUMEROUS HOUSES ARE GONE. (HUN),34.56,-87.41
2053,UNK,HATTON,LAWRENCE,AL,3456,8741,ONE HALF MILE WIDE TORNADO ALONG HWY 157 AND HWY 101 NEAR HATTON. (HUN),34.56,-87.41
2055,UNK,MOULTON,LAWRENCE,AL,3448,8729,TORNADO ON GROUN NORTH OF MOULTON AT 102 AND CR41. (HUN),34.48,-87.29
2057,UNK,8 S LAWRENCEBURG,LAWRENCE,TN,3513,8734,LAW ENFORECEMENT CONFIRMS TORNADO GLENDALE ROAD AND HWY 98 S OF LEOMA. (OHX),35.13,-87.34
2057,UNK,9 W WESTON,MARION,AL,3416,8818,*** 6 FATAL *** THE TORNADO PATH IN AL STARTED IN MARION COUNTY NEAR COUNTY ROAD 93 AND DRY CREEK ROAD. A FEW STRUCTURES WERE DAMAGED AND NUMEROUS TREES WERE SNAPPED OF (BMX),34.16,-88.18
2105,UNK,LUBBUB,PICKENS,AL,3343,8787,LAW ENFORCEMENT REPORTS TORNADO ON THE GROUND IN PICKENS COUNTY MOVING TOWARD BROWNVILLE COMMUNITY. (BMX),33.43,-87.87
2107,UNK,HULACO,MORGAN,AL,3431,8660,TORNADO ON GROUND HULACO RD. (HUN),34.31,-86.6
2110,UNK,2 W CHAFFEE,SCOTT,MO,3718,8970,(PAH),37.18,-89.7
2111,UNK,4 WNW ARAB,MARSHALL,AL,3433,8656,TREE FELL ON CAR WITH ENTRAPMENT. INJURIES UNKNOWN. (HUN),34.33,-86.56
2115,UNK,1 SE IDER,DEKALB,AL,3469,8565,COUNTY ROAD 155 AND 814. MULTIPLE HOUSES DAMAGED WITH INJURIES. (HUN),34.69,-85.65
2116,UNK,4 W TRINITY,LAWRENCE,AL,3461,8715,TORNADO REPORTED ON GROUND IN MORGAN COUNTY MOVING INTO SOURTHERN LIMESTON COUNTY. (HUN),34.61,-87.15
2120,UNK,N GEIGER,SUMTER,AL,3287,8831,DAMAGE PATH REPORTED JUST NORTH OF GEIGER. EMERGENCY RESPONDERS ENROUTE. (BMX),32.87,-88.31
2120,UNK,1 E MOORES BRIDGE,TUSCALOOSA,AL,3345,8778,DAMAGE IN THE OLD MOORES BRIDGE AREA. (BMX),33.45,-87.78
2126,UNK,HUNTSVILLE,MADISON,AL,3473,8659,TORNADO ON GROUND LILLY FLAG AND SOUTH MEMORIAL PARKWAY. (HUN),34.73,-86.59
2127,UNK,1 N BERRY,FAYETTE,AL,3368,8761,DEBRIS FALLING FROM SKY. (BMX),33.68,-87.61
2127,UNK,4 S POLKVILLE,SMITH,MS,3213,8969,TORNADO RATED EF3 WITH MAXIMUM WIND SPEED OF 130 MPH...PATH LENGTH OF 8.2 MILES AND PATH WIDTH OF ONE QUARTER MILE MOVING FROM 3.6 MILES SOUTH OF POLKVILLE TO 2.6 MILES (JAN),32.13,-89.69
2128,UNK,6 ENE SCOOBA,KEMPER,MS,3287,8839,EXTENSIVE DAMAGE ON SUNFLOWER AND BINNSVILLE ROADS (JAN),32.87,-88.39
2131,UNK,HUNTSVILLE,MADISON,AL,3473,8659,TORNADO ON GROUND. HWY 72 AND MOORESVILLE ROAD. PATH 22 YARDS WIDE. (HUN),34.73,-86.59
2133,UNK,HARVEST,MADISON,AL,3486,8675,TORNADO ON GROUND AT NICK DAVIS AND INTERSTATE 65. (HUN),34.86,-86.75
2133,UNK,3 NW CLINTON,GREENE,AL,3294,8803,SPOTTER REPORTS TORNADO ON THE GROUND NEAR THE COMMUNITY OF WEST GREENE. (BMX),32.94,-88.03
2133,UNK,4 WNW BURNS,SMITH,MS,3217,8961,EM REPORTS TORNADO ON THE GROUND AT INTERSECTION OF STATE HWY 481 AND COUNTY ROAD 503...DEBRIS BALL ON RADAR IN SAME LOCATION (JAN),32.17,-89.61
2133,UNK,4 WNW BURNS,SMITH,MS,3217,8961,EM REPORTS TORNADO ON THE GROUND AT INTERSECTION OF STATE HWY 481 AND COUNTY ROAD 503...DEBRIS BALL ON RADAR IN SAME LOCATION...UPDATE...BUILDINGS DESTROYED...MOBILE HO (JAN),32.17,-89.61
2135,UNK,5 SW TRENTON,DADE,GA,3482,8557,*** 2 FATAL *** NWS SURVEY TEAM HAVE DETERMINED THAT AN EF3 TORNADO MOVED INTO GEORGIA FROM ALABAMA NORTHWEST OF STEWART TOWN WITH WINDS OF 150 MPH. THIS STORM TRACKED (FFC),34.82,-85.57
2139,UNK,ATHENS,LIMESTONE,AL,3480,8697,WEDGE TORNADO ON GROUND NORTH OF CAPSHAW IN LIMESTONE COUNTY. (HUN),34.8,-86.97
2140,UNK,TRENTON,DADE,GA,3487,8551,*** 2 FATAL *** DADE COUNTY EMERGENCY MANAGER REPORTS THAT TRENTON HAS TAKEN A HIT FROM A TORNADO. SEVERAL INJURIES HAVE BEEN REPORTED TO DADE COUNTY 911 AND TRAUMA CEN (FFC),34.87,-85.51
2140,UNK,TRENTON,DADE,GA,3487,8551,DADE COUNTY EMERGENCY MANAGER REPORTS THAT TRENTON HAS TAKEN A HIT FROM A TORNADO. SEVERAL INJURIES HAVE BEEN REPORTED TO DADE COUNTY 911 AND TRAUMA CENTERS ARE BEING A (FFC),34.87,-85.51
2140,UNK,5 NNE BURNS,SMITH,MS,3220,8952,FIRE DEPTS REPORTS TOUCHDOWN NEAR LORENA COMMUNITY (JAN),32.2,-89.52
2142,UNK,MOUNT VERNON,MONROE,TN,3541,8436,*** 1 INJ *** POSSIBLE TORNADO. INJURY OCCURRED ON GAMBLE GAP ROAD. IN MOUNT VERNON AREA...7 HOUSES DESTROYED...23 WITH MAJOR DAMAGE...50 WITH MINOR DAMAGE. (MRX),35.41,-84.36
2142,UNK,2 SE HARVEST,MADISON,AL,3483,8672,ON GROUND NEAR SPARKMAN HIGH SCHOOL. (HUN),34.83,-86.72
2143,UNK,2 SSW MANTUA,GREENE,AL,3303,8793,*** 65 FATAL,33.03,-87.93
2144,UNK,4 N MERIDIANVILLE,MADISON,AL,3490,8657,HOMES DAMAGED (HUN),34.9,-86.57
2145,UNK,2 ESE HARVEST,MADISON,AL,3485,8671,HWY 53 AND JEFF ROAD TORNADO ON GROUND. GAS STATION LEVELED. PIGGLY WIGGLY GROCERY STORE DAMAGED. PEOPLE TRAPPED. (HUN),34.85,-86.71
2147,UNK,FYFFE,DEKALB,AL,3445,8590,TORNADO ON THE GROUND AT FYFFE AND SHERWOOD (HUN),34.45,-85.9
2148,UNK,1 SSE HIGDON,DEKALB,AL,3483,8561,SIGNIFICAN STRUCTURAL DAMAGE AT 6247 AND COUNTY ROAD 155 IN CARTERSVILLE. (HUN),34.83,-85.61
2153,UNK,4 S LOOKOUT MOUNTAIN,WALKER,GA,3492,8535,AMATEUR RADIO RELAYED REPORTS OF 20 DAMAGED HOUSES,34.92,-85.35
2153,UNK,4 S LOOKOUT MOUNTAIN,WALKER,GA,3492,8535,AMATEUR RADIO RELAYED REPORTS OF 50 DAMAGED HOUSES,34.92,-85.35
2153,UNK,4 S LOOKOUT MOUNTAIN,WALKER,GA,3492,8535,NWS SURVEY TEAM DETERMINED THIS TORNADO WAS A CONTINUANCE OF THE TORNADO WHICH MOVED THROUGH TRENTON. THIS TORNADO WAS AN EF3...18 MILES LONG AND 0.6 MILES WIDE. ALONG (FFC),34.92,-85.35
2154,UNK,4 N MERIDIANVILLE,MADISON,AL,3490,8657,TORNADO ON GROUND HWY 231 AND WALKER LANE. (HUN),34.9,-86.57
2200,UNK,4 S LOOKOUT MOUNTAIN,WALKER,GA,3492,8535,AMATEUR RADIO RELAYED REPORTS OF 20 DAMAGED HOUSES,34.92,-85.35
2206,UNK,MADISON,MADISON,AL,3470,8675,TORNADO ON GROUND AT U.S. HIGHWAY 72 AND SLAUGHTER ROAD. (HUN),34.7,-86.75
2207,UNK,DORA,WALKER,AL,3373,8708,TORNADO ON THE GROUND IN DORA. (BMX),33.73,-87.08
2208,UNK,2 S NEWTON,NEWTON,MS,3229,8916,TORNADO RATED EF3 WITH MAXIMUM WINDS 145 MPH...PATH LENGTH 11 MILES PATH WIDTH 0.25 MILE..MOVING FROM 2 SOUTH OF NEWTON TO 2 NORTH OF HICKORY...LIFTED UP THE END OF A C (JAN),32.29,-89.16
2209,UNK,TUSCALOOSA,TUSCALOOSA,AL,3324,8754,TORNADO ON THE GROUND ALONG HWY 82 NEAR THE MCFARLAND MALL. (BMX),33.24,-87.54
2210,UNK,3 SW PICKWICK LANDING S,HARDIN,TN,3502,8827,*** 2 INJ *** HARDWARE STORE DESTROYED IN COUNCE. NUMBER OF HOMES DAMAGED. EF-2 TORNADO WITH ESTIMATED WINDS OF 125 MPH. PATH LENGTH 3.85 MILES. MAX PATH WIDTH 200 YARD (MEG),35.02,-88.27
2210,UNK,5 NNW GUIN,MARION,AL,3403,8794,*** 10 INJ *** THE TORNADO APPEARED TO TOUCHDOWN SOUTH OF HAMILTON NEAR HIGHWAY 278,34.03,-87.94
2212,UNK,NEWTON,NEWTON,MS,3232,8916,WTOK REPORTS VIEWING A LARGE TORNADO ON THEIR SKYCAM ENTERING NEWTON (JAN),32.32,-89.16
2212,UNK,SMOKE RISE,BLOUNT,AL,3389,8682,TORNADO REPORTED ON THE GROUND NEAR EXIT 284 ON I-65 AT PHILADELPHIA ROAD. (BMX),33.89,-86.82
2214,UNK,2 W TRIANGLE,PRINCE WILLIAM,VA,3855,7735,REPORTED BY QUANTICO OBSERVER 1 TO 2 MILES WEST OF QUANTICO. (LWX),38.55,-77.35
2215,UNK,2 SSE HUNTLAND,FRANKLIN,TN,3503,8625,TORNADO ON GROUND ON FRANCISCO ROAD. (HUN),35.03,-86.25
2216,UNK,6 SE CHATTANOOGA,HAMILTON,TN,3500,8518,EF1. MAX WIND OF 90 MPH. NEAR EAST RIDGE. (MRX),35,-85.18
2218,UNK,2 WNW HICKORY,NEWTON,MS,3233,8905,*** 1 INJ *** SEVERAL HOUSES DAMAGED...ROOFS TORN OFF...SIGNIFICANT TREE DAMAGE WITH TREES UPROOTED AND SNAPPED (JAN),32.33,-89.05
2218,UNK,2 WNW HICKORY,NEWTON,MS,3233,8905,SEVERAL HOUSES DAMAGED...ROOFS TORN OFF...SIGNIFICANT TREE DAMAGE WITH TREES UPROOTED AND SNAPPED (JAN),32.33,-89.05
2220,UNK,2 NW HICKORY,NEWTON,MS,3234,8904,TORNADO CROSSED INTERSTATE 20 NEAR HICKORY EXIT. TRAILER DESTROYED AND DEBRIS FALLING FROM SKY. (JAN),32.34,-89.04
2220,UNK,2 SW PICKWICK DAM,HARDIN,TN,3503,8828,TORNADO DESTROYED HARDWARE STORE ON HWY 57...TRUCKED FLIPPED OVER. SPOTTER SAW FUNNEL CLOUD...THEN STORM MOVED OVER COUNCE...TENNESSEE...AND BECAME RAIN WRAPPED. (MEG),35.03,-88.28
2230,UNK,CLEVELAND,BRADLEY,TN,3518,8487,EF1. PATH LENGTH OF 2.5 MILES. PATH WIDTH OF 250 YARDS. MAX WIND OF 100 MPH. (MRX),35.18,-84.87
2230,UNK,3 WSW TISHABEE,GREENE,AL,3262,8805,*** 7 FATAL,32.62,-88.05
2242,UNK,1 ESE RALEIGH,SMITH,MS,3202,8951,*** 6 FATAL,32.02,-89.51
2242,UNK,1 ESE RALEIGH,SMITH,MS,3202,8951,*** 7 FATAL,32.02,-89.51
2242,UNK,1 ESE RALEIGH,SMITH,MS,3202,8951,TORNADO RATED EF4 WITH MAXIMUM WINDS OF 175 MPH...PATH LENGTH OF 65 MILES AND PATH WIDTH OF 0.6 MILES...MOVING FROM 1 ESE RALEIGH IN SMITH COUNTY ACROSS JASPER AND CLAR (JAN),32.02,-89.51
2244,UNK,SUQUALENA,LAUDERDALE,MS,3244,8883,BROADCAST MEDIA REPORTS A TORNADO MOVED NEAR SUQUALENA (JAN),32.44,-88.83
2244,UNK,SUQUALENA,LAUDERDALE,MS,3244,8883,BROADCAST MEDIA REPORTS A TORNADO MOVED NEAR SUQUALENA...UPDATE...TREES AND POWERLINES ON WOODS ROAD (JAN),32.44,-88.83
2245,UNK,8 NW MERIDIAN,LAUDERDALE,MS,3246,8881,TORNADO RATED EF-0 WITH MAXIMUM WINDS OF 80 MPH...PATH LENGTH OF 12 MILES AND PATH WIDTH OF 100 YDS...MOVING FROM 7.5 MILES NW OF MERIDIAN TO 9 MILES NORTH OF MERIDIAN. (JAN),32.46,-88.81
2246,UNK,BLOUNTSVILLE,BLOUNT,AL,3410,8658,*** 1 INJ *** MULTIPLE HOMES DESTROYED IN BLOUNTSVILLE. ONE INJURY CONFIRMED AT THIS TIME. (BMX),34.1,-86.58
2247,UNK,3 SW HYATT,MARSHALL,AL,3420,8638,TORNADO ON GROUND AT NIXON CHAPEL (HUN),34.2,-86.38
2250,UNK,5 S PINEVILLE,SMITH,MS,3206,8939,TORNADO REPORTED WITH EXTENSIVE TREE DAMAGE...EMERGENCY CREWS HAVING DIFFICULTY GETTING INTO THE AREA (JAN),32.06,-89.39
2250,UNK,5 S PINEVILLE,SMITH,MS,3206,8939,TORNADO REPORTED WITH EXTENSIVE TREE DAMAGE...EMERGENCY CREWS HAVING DIFFICULTY GETTING INTO THE AREA...UPDATE...MOBILE HOME DESTROYED ON COUNTY ROAD 107...EXTENSIVE TR (JAN),32.06,-89.39
2256,UNK,HUEYTOWN,JEFFERSON,AL,3344,8700,MAJOR DAMAGE IN HUEYTOWN...HOUSES LEVELED. (BMX),33.44,-87
2300,UNK,FARMVILLE,PRINCE EDWARD,VA,3730,7840,NWS STORM SURVEY DETERMINED DAMAGE CONSISTENT WITH AN EF-1 TORNADO. TORNADO TRACK MEASURED AT APPROXIMATELY 150 YARDS WIDE AND 5.5 MILES LONG. A MORE DETAILED PRELIMINA (AKQ),37.3,-78.4
2300,UNK,FARMVILLE,PRINCE EDWARD,VA,3730,7840,SPOTTED NEAR PRINCE EDWARD COUNTY SCHOOLS NEAR ROUTE 15 MOVING NE INTO CUMBERLAND COUNTY (AKQ),37.3,-78.4
2300,UNK,2 NW MERIDIAN,LAUDERDALE,MS,3241,8874,TREES AND POWERLINES DOWN. BROADCAST MEDIA REPORTS VIDEO OF LARGE TORNADO IN AREA. (JAN),32.41,-88.74
2300,UNK,2 SSW GRUETLI-LAAGER,GRUNDY,TN,3535,8565,AN EF0 TORNADO WITH MAXIMUM WINDS 70 TO 80 MPH BRIEFLY TOUCHED DOWN AROUND 6 PM IN GRUNDY COUNTY. INITIAL DAMAGE WAS NOTED 3 MILES SOUTHEAST OF ALTAMONT ALONG FLETCHER (OHX),35.35,-85.65
2303,UNK,ALBERTVILLE,MARSHALL,AL,3426,8621,TORNADO ON THE GROUND. DAMAGE OCCURRING AT TIME OF REPORT. (HUN),34.26,-86.21
2303,UNK,5 NNW TURNERVILLE,JASPER,MS,3210,8924,*** 2 FATAL *** TORNADO MOVED THROUGH AREA CAUSING SIGNIFICANT DAMAGE AND INJURIES...UPDATE...NUMEROUS ROADS BLOCKED BY TREES AND UNKNOWN NUMBER OF INJURIES...FURTHER U (JAN),32.1,-89.24
2303,UNK,5 NNW TURNERVILLE,JASPER,MS,3210,8924,TORNADO MOVED THROUGH AREA CAUSING SIGNIFICANT DAMAGE AND INJURIES (JAN),32.1,-89.24
2303,UNK,5 NNW TURNERVILLE,JASPER,MS,3210,8924,TORNADO MOVED THROUGH AREA CAUSING SIGNIFICANT DAMAGE AND INJURIES...UPDATE...NUMEROUS ROADS BLOCKED BY TREES AND UNKNOWN NUMBER OF INJURIES (JAN),32.1,-89.24
2306,UNK,5 E BLUFF,FAYETTE,AL,3381,8781,AN EF3 TORNADO TOUCHED DOWN NEAR HIGHWAY 43 SOUTH OF BOBO AND TRAVELLED NORTHEAST PASSING JUST NORTH OF HUBBERTVILLE AND LIFTING NEAR COUNTY ROAD 24 SOUTH OF BAZEMORE. (BMX),33.81,-87.81
2309,UNK,FULTONDALE,JEFFERSON,AL,3362,8680,TREES DOWN,33.62,-86.8
2310,UNK,S GLEN ALLEN,FAYETTE,AL,3388,8774,TREE AND STRUCTURAL DAMAGE ON HIGHWAY 129 FROM GLEN ALLEN TO HUBBERTVILLE NEAR THE TEXACO STATION. (BMX),33.88,-87.74
2316,UNK,1 ENE CAMP SPRINGS,PRINCE GEORGES,MD,3881,7690,NWS STORM SURVEY. BRIEF TOUCHDOWN NEAR ANDREWS AFB AT ALLENTOWN RD AND AUTH RD. RATED EF-0. MAX WIND SPEEDS OF 70 MPH. MAX WIDTH 100 YDS. TRACKED ONTO ANDREWS AFB BEFOR (LWX),38.81,-76.9
2320,UNK,3 NE GUNTERSVILLE,MARSHALL,AL,3439,8626,LARGE PIECES OF DEBRIS FALLING FROM SKY. (HUN),34.39,-86.26
2321,UNK,ROSE HILL,JASPER,MS,3214,8900,AT LEAST ONE HOUSE DESTROYED (JAN),32.14,-89
2322,UNK,1 S MORNINGSIDE,PRINCE GEORGES,MD,3882,7689,LARGE BRANCHES AND SHINGLES ON ALLENTOWN ROAD. A BIG ROAD SIGN BLOWN DOWN NEAR ANDREWS AIRFORCE BASE. (LWX),38.82,-76.89
2323,UNK,3 NNE TRUSSVILLE,JEFFERSON,AL,3368,8657,AN EF-3 TORNADO TOUCHED DOWN NEAR ARGO...BETWEEN DEERFOOT PARKWAY AND ADVENT ROAD...TRAVELING NORTHEAST ACROSS SEVERAL COUNTIES INTO GA. THE COUNTIES AFFECTED WERE JEFF (BMX),33.68,-86.57
2325,UNK,2 ESE RAINSVILLE,DEKALB,AL,3449,8582,MAJOR STRUCTURAL DAMAGE AT PLAINVIEW SCHOOL. (HUN),34.49,-85.82
2325,UNK,5 ENE GOOCHLAND,GOOCHLAND,VA,3771,7781,NWS STORM SURVEY DETERMINED THE DAMAGE WAS CONSISTENT WITH AN EF1 TORNADO. TORNADO TRACK MEASURED AT APPROXIMATELY 100 YARDS WIDE. THE TORNADO TRACKED FROM BRIDGEWATER (AKQ),37.71,-77.81
2327,UNK,MULGA,JEFFERSON,AL,3355,8698,DAMAGE TO HOUSES ON AL 269. (BMX),33.55,-86.98
2330,UNK,8 SSW PIKEVILLE,BLEDSOE,TN,3550,8525,*** 4 FATAL,35.5,-85.25
2333,UNK,8 E OILVILLE,GOOCHLAND,VA,3770,7764,TORNADO REPORTED ON THE GROUND VICINTY I64 AND 295 (AKQ),37.7,-77.64
2336,UNK,ENTERPRISE,CLARKE,MS,3217,8881,HOUSES WITH SIGNIFICANT DAMAGE IN ENTERPRISE. (JAN),32.17,-88.81
2337,UNK,2 W PLAINFIELD,HENDRICKS,IN,3970,8643,REPORT OF DAMAGE TO AN AWNING ON A HORSE TRAILER (IND),39.7,-86.43
2345,UNK,4 WSW SABLE,CLARKE,MS,3217,8875,TREES DOWN ACROSS ROADS HWY 514 AND COUNTY ROAD 350...PUBLIC REPORTS A LARGE TORNADO ON THE GROUND (JAN),32.17,-88.75
2348,UNK,WEST POINT,CULLMAN,AL,3424,8696,TRAILER PARK HIT. INJURIES BUT NUMBER UNKNOWN. (HUN),34.24,-86.96
2350,UNK,E ASHVILLE,ST. CLAIR,AL,3383,8626,MULTIPLE HOMES AND/OR STRUCTURES DAMAGED OR DESTROYED IN THE SHOAL CREEK VALLEY AREA. (BMX),33.83,-86.26
2350,UNK,RISING FAWN,DADE,GA,3476,8553,NWS STORM SURVEY DETERMINED AN EF1 TORNADO TRACKED ACROSS DADE COUNTY FROM NEAR FOX MOUNTAIN TO RISING FAWN. PATH LENGTH WAS 3 MILES AND WIDTH WAS 100 YARDS. (FFC),34.76,-85.53
2350,UNK,2 WSW WATEROAK,HALE,AL,3285,8748,AN EF-1 TORNADO TOUCHED DOWN 2 MILES SOUTHWEST OF WATEROAK IN HALE COUNTY AND PROCEEDED NORTHEAST INTO THE TALLADEGA NATIONAL FOREST ENDING IN SOUTHWEST BIBB COUNTY 2 M (BMX),32.85,-87.48
2350,UNK,4 WNW MIDDLETON,CLARKE,MS,3217,8868,HAM RADIO SPOTTERS AND LAW ENFORCEMENT REPORTS LARGE TORNADO CROSSING US HIGHWAY 45 AT STATE HIGHWAY 514 (JAN),32.17,-88.68
2350,UNK,8 SSW PIKEVILLE,BLEDSOE,TN,3550,8525,*** 4 FATAL,35.5,-85.25
2359,UNK,3 ESE FERNCLIFF,LOUISA,VA,3792,7806,NEAR SHANNON HILL ROAD (AKQ),37.92,-78.06
0,UNK,SNELL,CLARKE,MS,3219,8850,*** 4 FATAL,32.19,-88.5
0,UNK,SNELL,CLARKE,MS,3219,8850,*** 5 FATAL,32.19,-88.5
4,UNK,CAMPBELL,STEUBEN,NY,4223,7720,A TORNADO TOUCHED DOWN IN THE TOWN OF CAMPBELL...JUST WEST OF HOUGH ROAD...AT ABOUT 804 PM. THE TORNADO REACHED A PEAK INTENSITY OF EF1...AT SEVERAL POINTS ALONG ITS PA (BGM),42.23,-77.2
5,UNK,1 S SPRING CITY,RHEA,TN,3567,8486,*** 2 INJ *** POSSIBLE TORNADO. 19 ROOFS DESTROYED. 21 HOMES WITH DAMAGE. DAMAGE PATH IS 100 FEET WIDE AND BEGINS ALONG RIDGELINE SOUTHWEST OF SPRING CITY AND TRACKED T (MRX),35.67,-84.86
9,UNK,1 NW MARYVILLE,BLOUNT,TN,3576,8399,EF0. MAX WIND OF 70 MPH. (MRX),35.76,-83.99
12,UNK,WEST POINT,CULLMAN,AL,3424,8696,TORNADO ON GROUND (HUN),34.24,-86.96
15,UNK,OHATCHEE,CALHOUN,AL,3378,8602,MULTIPLE DAMAGE LOCATIONS IN AND AROUND OHATCHEE. (BMX),33.78,-86.02
15,UNK,OILVILLE,GOOCHLAND,VA,3771,7779,TORNADO ON THE GROUND NEAR OILVILLE (AKQ),37.71,-77.79
15,UNK,OILVILLE,GOOCHLAND,VA,3771,7779,TORNADO ON THE GROUND NEAR OILVILLE...NEAR I-64 AND RTE 617. (AKQ),37.71,-77.79
15,UNK,1 WSW RINGGOLD,CATOOSA,GA,3491,8513,*** 7 FATAL,34.91,-85.13
25,UNK,NOEL,HANOVER,VA,3790,7754,LARGE TREES DOWN VICNITY OF VERDON AND NOEL ROADS REPORTED BY PUBLIC WHO BELIEVED IT MIGHT BE A TORNADO. (AKQ),37.9,-77.54
25,UNK,NOEL,HANOVER,VA,3790,7754,NWS STORM SURVEY DETERMINED DAMAGE CONSISTENT WITH AN EF-1 TORNADO ALONG A 2 MILE LONG...100-150 YARD WIDE PATH ACROSS EASTERN GOOCHLAND AND WESTERN HANOVER COUNTIES. A (AKQ),37.9,-77.54
25,UNK,5 N LISMAN,CHOCTAW,AL,3224,8827,PEOPLE TRAPPED IN A MOBILE HOME IN THE MOLLIE COMMUNITY (MOB),32.24,-88.27
27,UNK,YANTLEY,CHOCTAW,AL,3225,8838,STATE POLICE REPORTED TREES AND POWER LINES DOWN ALONG WITH STRUCTURAL DAMAGE IN YANTLEY. (MOB),32.25,-88.38
27,UNK,1 ESE CROMWELL,CHOCTAW,AL,3222,8826,EMA REPORTED A TORNADO ON THE GROUND BETWEEN CROMWELL AND YANTLEY. (MOB),32.22,-88.26
29,UNK,4 SE COLLEGEDALE,HAMILTON,TN,3500,8500,*** 13 FATAL *** EF4. MAX WIND SPEED 190 MPH. PATH WIDTH 800 YARDS. PATH LENGTH 35 MILES. NORTHEAST TRACK CONTINUES THROUGH BRADLEY COUNTY AND INTO POLK. (MRX),35,-85
29,UNK,4 SE COLLEGEDALE,HAMILTON,TN,3500,8500,EF4. MAX WIND SPEED 190 MPH. PATH WIDTH 800 YARDS. PATH LENGTH 15 MILES. CONTINUOUS NORTHEAST TRACK LEADING INTO EASTERN PORTIONS OF CLEVELAND. (MRX),35,-85
30,UNK,1 S SPRING CITY,RHEA,TN,3567,8486,*** 2 INJ *** POSSIBLE TORNADO. 19 ROOFS DESTROYED. 21 HOMES WITH DAMAGE. DAMAGE PATH IS 100 FEET WIDE AND BEGINS ALONG RIDGELINE SOUTHWEST OF SPRING CITY AND TRACKED T (MRX),35.67,-84.86
32,UNK,2 S MARVEL,BIBB,AL,3312,8701,AN EF-1 TORNADO TOUCHED DOWN IN NORTHEAST BIBB COUNTY JUST SOUTH OF MARVEL AND MOVED NORTHEAST INTO SOUTHWEST SHELBY COUNTY SNAPPING OFF DOZENS OF PINE TREES. NO STRUCT (BMX),33.12,-87.01
33,UNK,5 NW DEAS,CHOCTAW,AL,3228,8817,THREE MOBILE HOMES SEVERELY DAMAGE ON HWY 17. (MOB),32.28,-88.17
40,UNK,CLEVELAND,BRADLEY,TN,3518,8487,POSSIBLE TORNADO. REPORTED ON LEAD MINE VALLEY RD. (MRX),35.18,-84.87
45,UNK,1 WSW RINGGOLD,CATOOSA,GA,3491,8513,*** 7 FATAL *** WHITFIELD COUNTY EMERGENCY MANAGEMENT RELAYED REPORTS OF DAMAGE TO CARS AND TOSSED TRACTOR TRAILERS AT EXIT 348 ON I-75 OUTSIDE OF RINGGOLD IN CATOOSA C (FFC),34.91,-85.13
45,UNK,1 WSW RINGGOLD,CATOOSA,GA,3491,8513,WHITFIELD COUNTY EMERGENCY MANAGEMENT RELAYED REPORTS OF DAMAGE TO CARS AND TOSSED TRACTOR TRAILERS AT EXIT 348 ON I-75 OUTSIDE OF RINGGOLD IN CATOOSA COUNTY. (FFC),34.91,-85.13
45,UNK,6 SSW CAVE SPRING,POLK,GA,3403,8538,NWS STORM SURVEY DETERMINED AN EF2 TORNADO ENTERED THE STATE FROM ALABAMA AT 845 PM EDT...TRACKING THROUGH POLK...FLOYD...AND BARTOW COUNTIES. IT LIFTED AROUND 911 PM. (FFC),34.03,-85.38
45,UNK,6 SSW CAVE SPRING,POLK,GA,3403,8538,NWS STORM SURVEY DETERMINED AN EF2 TORNADO TOUCHED ENTERED THE STATE FROM ALABAMA AT 845 PM EDT...TRACKING THROUGH POLK...FLOYD...AND BARTOW COUNTIES. IT LIFTED AROUND (FFC),34.03,-85.38
45,UNK,7 NW HALIFAX,HALIFAX,VA,3682,7903,*** 1 FATAL,36.82,-79.03
50,UNK,2 SSW CAVE SPRING,POLK,GA,3408,8535,FLOYD COUNTY EMERGENCY MANAGEMENT REPORTS A HOUSE COMPLETELY DESTROYED NEAR CAVE SPRING. (FFC),34.08,-85.35
53,UNK,5 SW NATHALIE,HALIFAX,VA,3688,7901,ONE DEATH,36.88,-79.01
54,UNK,4 SSW NATHALIE,HALIFAX,VA,3688,7898,*** 1 FATAL,36.88,-78.98
55,UNK,4 NE PELL CITY,ST. CLAIR,AL,3360,8621,THE TORNADO TOUCHED DOWN ABOUT 100 YARDS SOUTH OF THE INTERSTATE,33.6,-86.21
55,UNK,5 S LADYSMITH,CAROLINE,VA,3794,7752,NWS STORM SURVEY DETERMINED DAMAGE CONSISTENT WITH AN EF-1 TORNADO. TORNADO TRACK MEASURED AT APPROXIMATELY 100 YARDS WIDE. THE TORNADO CROSSED JERICHO ROAD...APPROXIMA (AKQ),37.94,-77.52
57,UNK,5 SW LINDALE,FLOYD,GA,3414,8524,NWS STORM SURVEY DETERMINED AN EF2 TORNADO ENTERED FLOYD COUNTY AFTER PASSING THROUGH POLK COUNTY. THIS SAME TORNADO LATER TRAVELED INTO BARTOW COUNTY AND LIFTED AROUND (FFC),34.14,-85.24
57,UNK,5 SW LINDALE,FLOYD,GA,3414,8524,NWS STORM SURVEY DETERMINED AN EF2 TORNADO TOUCHED ENTERED THE STATE FROM ALABAMA AT 845 PM EDT...TRACKING THROUGH POLK...FLOYD...AND BARTOW COUNTIES. IT LIFTED AROUND (FFC),34.14,-85.24
58,UNK,3 W EXIT 104 ALONG I 95,CAROLINE,VA,3794,7752,POSSIBLE TORNADO...IN THE RUTHER GLEN AREA SOUTH... SOUTHWEST OF GOLANSVILLE. NUMEROUS OTHER REPORTS OF FUNNEL CLOUDS. (AKQ),37.94,-77.52
58,UNK,3 W EXIT 104 ALONG I 95,CAROLINE,VA,3794,7752,POSSIBLE TORNADO ON THE GROUND...IN THE RUTHER GLEN AREA SOUTH...SOUTHWEST OF GOLANSVILLE. (AKQ),37.94,-77.52
101,UNK,HANCEVILLE,CULLMAN,AL,3406,8676,TORNADO ON GROUND ALONG HIGHWAY 91. (HUN),34.06,-86.76
101,UNK,NW JACKSONVILLE,CALHOUN,AL,3381,8576,MT GILEAD COMMUNITY IS COMPLETELY IMPASSABLE EVEN ON FOOT. (BMX),33.81,-85.76
108,UNK,N WILSONVILLE,SHELBY,AL,3324,8648,SPOTTER REPORTED TORNADO STRUCK POWERLINES AND/OR TRANSFORMER. POWER IS OUT. (BMX),33.24,-86.48
112,UNK,5 N WETUMPKA,ELMORE,AL,3262,8619,*** 9 FATAL *** THE TORNADO TOUCHED DOWN ALONG COUNTY ROAD 209 NEAR MEADOWVIEW DRIVE WHERE A FEW SNAPPED TREES WERE NOTED. FROM THERE,32.62,-86.19
112,UNK,7 SSW ATHENS,MCMINN,TN,3536,8465,POSSIBLE TORNADO (MRX),35.36,-84.65
112,UNK,7 SSW ATHENS,MCMINN,TN,3536,8465,POSSIBLE TORNADO. NUMEROUS TREES AND POWER LINES DOWN. 2 HOMES DESTROYED AND SEVERAL HOMES OR MOBILE HOMES DAMAGED ALONG COUNTY ROAD 163 BETWEEN HWY 11 AND HWY 411 IN S (MRX),35.36,-84.65
117,UNK,2 ESE VINCENT,SHELBY,AL,3337,8638,AN EF-1 TORNADO TOUCHED DOWN ABOUT 2 MILES ESE OF VINCENT IN EASTERN SHELBY COUNTY AND MOVED NORTHEAST INTO WESTERN TALLADEGA COUNTY SNAPPING OFF AND/OR UPROOTING DOZEN (BMX),33.37,-86.38
120,UNK,5 NE KINGSTON,BARTOW,GA,3429,8488,NWS STORM SURVEY DETERMINED THAT AN EF3 TORNADO TOUCHED DOWN 5 MILES NORTHEAST OF KINGSTON IN BARTOW COUNTY AND TRACKED NORTHEAST THROUGH CHEROKEE AND INTO PICKENS COUN (FFC),34.29,-84.88
122,UNK,1 W CASSVILLE,BARTOW,GA,3424,8488,NWS STORM SURVEY DETERMINED THAT AN EF3 TORNADO...AFTER TOUCHING DOWN 5 MILES NORTHEAST OF KINGSTON...CONTINUED TO TRACK THROUGH BARTOW COUNTY BEFORE MOVING INTO CHEROK (FFC),34.24,-84.88
124,UNK,SANTUCK,ELMORE,AL,3263,8613,STRUCTURAL DAMAGE IN THE DEXTER ROAD AREA OF SANTUCK. (BMX),32.63,-86.13
125,UNK,5 NE KINGSTON,BARTOW,GA,3429,8488,NWS STORM SURVEY DETERMINED THAT AN EF3 TORNADO TOUCHED DOWN 5 MILES NORTHEAST OF KINGSTON IN BARTOW COUNTY AND TRACKED NORTHEAST THROUGH CHEROKEE AND INTO PICKENS COUN (FFC),34.29,-84.88
127,UNK,1 W CASSVILLE,BARTOW,GA,3424,8488,NWS STORM SURVEY DETERMINED THAT AN EF3 TORNADO...AFTER TOUCHING DOWN 5 MILES NORTHEAST OF KINGSTON...CONTINUED TO TRACK THROUGH BARTOW COUNTY BEFORE MOVING INTO CHEROK (FFC),34.24,-84.88
127,UNK,1 W CASSVILLE,BARTOW,GA,3424,8488,NWS STORM SURVEY DETERMINED THAT AN EF3 TORNADO TOUCHED DOWN 5 MILES NORTHEAST OF KINGSTON IN BARTOW COUNTY AND TRACKED NORTHEAST THROUGH CHEROKEE AND INTO PICKENS COUN (FFC),34.24,-84.88
127,UNK,8 NNE ETOWAH,MCMINN,TN,3544,8447,POSSIBLE TORNADO REPORTED (MRX),35.44,-84.47
129,UNK,4 W NEWPORT,COCKE,TN,3596,8326,EF1. PATH LENGTH OF 5 MILES. PATH WIDTH OF 150 YARDS. (MRX),35.96,-83.26
130,UNK,MOUNT VERNON,MONROE,TN,3541,8436,POSSIBLE TORNADO. TRAILER THROWN FROM ITS FOUNDATION. (MRX),35.41,-84.36
130,UNK,TELLICO PLAINS,MONROE,TN,3537,8430,POSSIBLE TORNADO. ROOF DAMAGE TO NUMEROUS BUSINESSES. (MRX),35.37,-84.3
130,UNK,4 N WALESKA,CHEROKEE,GA,3437,8455,NWS STORM SURVEY DETERMINED THAT AN EF3 TORNADO...ORIGINATING IN BARTOW COUNTY...TRACKED INTO CHEROKEE COUNTY. THIS TORNADO LATER MOVED INTO PICKENS COUNTY WHERE IT LIF (FFC),34.37,-84.55
130,UNK,4 N WALESKA,CHEROKEE,GA,3437,8455,NWS STORM SURVEY DETERMINED THAT AN EF3 TORNADO TOUCHED DOWN 5 MILES NORTHEAST OF KINGSTON IN BARTOW COUNTY AND TRACKED NORTHEAST THROUGH CHEROKEE AND INTO PICKENS COUN (FFC),34.37,-84.55
130,UNK,4 WNW WHITE,BARTOW,GA,3431,8482,TRAINED SPOTTER REPORTS MULTIPLE HOUSES DESTROYED WITH SEVERAL INJURIES. (FFC),34.31,-84.82
130,UNK,8 SSW PIKEVILLE,BLEDSOE,TN,3550,8525,*** 4 FATAL,35.5,-85.25
135,UNK,PINE LOG,BARTOW,GA,3434,8473,PUBLIC REPORTED HOUSES DAMAGED IN THE WHITE AND PINE LOG AREA OF BARTOW COUNTY. (FFC),34.34,-84.73
135,UNK,12 NNE GREENEVILLE,GREENE,TN,3633,8274,POSSIBLE TORNADO REPORTED (MRX),36.33,-82.74
135,UNK,3 SE LATHAMS CORNERS,OTSEGO,NY,4243,7536,A TORNADO TOUCHED DOWN BETWEEN MOUNT UPTON AND GILBERTSVILLE NEAR ROUTE 51 AROUND 935 PM. THE TORNADO GREW TO AN EF1 WITH MAXIMUM WINDS OF 110 MPH NEAR THE GILBERTSVILL (BGM),42.43,-75.36
140,UNK,SPRING CITY,RHEA,TN,3569,8486,EF1. PATH LENGTH OF 1.5 MILES. PATH WIDTH OF 75 YARDS. MAX WIND OF 90 MPH. (MRX),35.69,-84.86
140,UNK,2 NE CARTERSVILLE,BARTOW,GA,3419,8478,TRAINED SPOTTER REPORTS MULTIPLE TREES DOWN AND SEVERAL HOUSES DAMAGED. (FFC),34.19,-84.78
148,UNK,6 S MARION,PERRY,AL,3255,8731,THE TORNADO TOUCHED DOWN ABOUT 1 MILE WEST OF HIGHWAY 35 ALONG COUNTY ROAD 38 WHERE IT PRODUCED SOME DAMAGE TO TREES IN A 50 YARD WIDE AREA. THE TORNADO INTENSIFIED TO (BMX),32.55,-87.31
210,UNK,DADEVILLE,TALLAPOOSA,AL,3283,8577,DADEVILLE TOOK A DIRECT HIT. MULTIPLE REPORTS OF EXTENSIVE DAMAGE. (BMX),32.83,-85.77
215,UNK,1 S ABINGDON,WASHINGTON,VA,3669,8197,EF0. JUST SOUTH OF ABINGDON. PATH LENGTH OF 2 MILES. WIDTH WAS VERY NARROW. MAX WINDS OF 75 MPH. DAMAGE WAS MAINLY LIMITED TO DOWNED TREES. (MRX),36.69,-81.97
219,UNK,5 NNE LAFAYETTE,CHAMBERS,AL,3297,8537,THE TORNADO TOUCHED DOWN ALONG COUNTY ROAD 225,32.97,-85.37
229,UNK,3 SE STROUD,CHAMBERS,AL,3302,8529,THE TORNADO TOUCHED DOWN ALONG COUNTY ROAD 267,33.02,-85.29
233,UNK,5 S DADEVILLE,TALLAPOOSA,AL,3276,8577,TREES DOWN AND BLOCKING HWY 49 NEAR THE COMMUNITY OF STILL WATERS. (BMX),32.76,-85.77
245,UNK,3 W HILLCREST,TROUP,GA,3313,8509,NWS STORM SURVEY DETERMINED THAT AN EF1 TORNADO TOUCHED DOWN 3 MILES WEST OF HILLCREST IN TROUP COUNTY AROUND 1045 PM. IT TRACKED FOR 17 MILES THROUGH SOUTHEAST HEARD C (FFC),33.13,-85.09
247,UNK,2 S NOKESVILLE,PRINCE WILLIAM,VA,3867,7758,CORRECTED START LOCATION OF TRACK AFTER DAMAGE SURVEY TODAY. TORNADO WAS RATED EF-1. ADDITIONAL DAMAGE INCLUDES NUMEROUS SNAPPED AND UPROOTED TREES...SIDING AND SHINGLE (LWX),38.67,-77.58
248,UNK,2 NW VERBENA,CHILTON,AL,3278,8654,THE TORNADO TOUCHED DOWN AT THE INTERSECTION OF U.S. HIGHWAY 31 AND COUNTY ROAD 24 JUST NORTHEAST OF VERBENA UPROOTING A FEW OAK TREES. THE TORNADO CONTINUED NORTHEASTA (BMX),32.78,-86.54
256,UNK,CAMP CREEK,GREENE,TN,3609,8277,*** 10 FATAL,36.09,-82.77
256,UNK,CAMP CREEK,GREENE,TN,3609,8277,*** 5 FATAL *** POSSIBLE TORNADO NEAR CAMP CREEK WHICH CAUSED SIGNIFICANT STRUCTURAL DAMAGE AND SEVERAL FATALITIES AND NUMEROUS INJURIES. (MRX),36.09,-82.77
256,UNK,CAMP CREEK,GREENE,TN,3609,8277,*** 7 FATAL,36.09,-82.77
257,UNK,3 NE NOKESVILLE,PRINCE WILLIAM,VA,3873,7755,STRUCTURAL DAMAGE TO RETAIL SHOPPING CENTER. (LWX),38.73,-77.55
258,UNK,CORINTH,HEARD,GA,3323,8495,NWS STORM SURVEY DETERMINED THAT AN EF1 TORNADO TOUCHED DOWN 3 MILES WEST OF HILLCREST IN TROUP COUNTY AROUND 1045 PM. THIS IS A CONTINUATION OF THAT TORNADO. IT TRACKE (FFC),33.23,-84.95
258,UNK,5 NNE RICHWOOD,NICHOLAS,WV,3829,8050,EF1 - MAXIMUM WIND SPEED 110 MPH. MAXIMUM PATH WIDTH 100 YARDS. LENGTH 1300 YARDS. (RLX),38.29,-80.5
300,UNK,4 N BATESVILLE,HABERSHAM,GA,3480,8362,AN EF2 TORNADO WITH A 1.5 TO 2 MILE PATH LENGTH TOUCHED DOWN IN NORTHWEST HABERSHAM COUNTY GEORGIA (GSP),34.8,-83.62
300,UNK,7 W TIGER,RABUN,GA,3485,8356,COUNTY REPORTS TORNADO TOUCHDOWN WITH STRUCTURAL DAMAGE IN THE LAKE BURTON AREA. (GSP),34.85,-83.56
300,UNK,8 WSW CLAYTON,RABUN,GA,3483,8353,A LARGE AND DESTRUCTIVE EF3 TORNADO DESTROYED NUMEROUS LAKE SIDE RESIDENCES AS IT MOVED NORTHEAST FROM LAKE BURTON TO MOUNTAIN CITY GEORGIA. OTHER WIDESPREAD TREE AND S (GSP),34.83,-83.53
302,UNK,5 SSW NEWNAN,COWETA,GA,3331,8483,NWS STORM SURVEY DETERMINED THAT AN EF1 TORNADO TOUCHED DOWN 3 MILES WEST OF HILLCREST IN TROUP COUNTY AROUND 1045 PM. THIS IS A CONTINUATION OF THAT TORNADO. IT TRACKE (FFC),33.31,-84.83
303,UNK,15 NNW CLARKESVILLE,HABERSHAM,GA,3481,8362,POSSIBLE TORNADO DAMAGED 9 HOMES AND DESTROYED 3 HOMES ON GOSHEN MT. (GSP),34.81,-83.62
303,UNK,5 E TUSCULUM,GREENE,TN,3618,8266,EF3. NEAR HORSE CREEK. MAX WIND SPEED OF 150 MPH. (MRX),36.18,-82.66
312,UNK,MOUNTAIN CITY,RABUN,GA,3492,8339,HAM RADIO OPERATOR RELAYED A REPORT OF SEVERAL HOUSES DESTROYED. (GSP),34.92,-83.39
314,UNK,2 SW MORRISTOWN,HAMBLEN,TN,3619,8332,EF-0 TORNADO WITH MAXIMUM WINDS OF 70 MPH AND A PATH LENGTH OF A HALF OF A MILE AND A WIDTH OF 80 YARDS OCCURRED AT PANTHER CREEK STATE PARK. THE DAMAGE BEGAN AT THE OV (MRX),36.19,-83.32
315,UNK,MOUNTAIN CITY,RABUN,GA,3492,8339,FIRE STATION SEVERELY DAMAGED. (GSP),34.92,-83.39
320,UNK,5 S LAGRANGE,TROUP,GA,3297,8503,NWS STORM SURVEY DETERMINED THAT AN EF2 TORNADO TOUCHED DOWN 5 MILES SOUTH OF LAGRANGE AT 1120 PM EDT. IT TRACKED FOR 7 MILES BEFORE LIFTING 6 MILES EAST OF LAGRANGE AT (FFC),32.97,-85.03
325,UNK,RESTON,FAIRFAX,VA,3895,7734,RELATIVELY CONTINUOUS TREE DAMAGE WAS NOTED ALONG A 1.1 MILE TRACK FROM SUNSET HILLS ROAD TO WIEHLE AVENUE NEAR NORTH SHORE DRIVE AND FAIRWAY DRIVE. THIS TORNADO PRELIM (LWX),38.95,-77.34
350,UNK,10 E ELIZABETHTON,CARTER,TN,3634,8205,*** 2 FATAL *** POSSIBLE TORNADO. DAMAGE TRACK BEGINS AROUND THE BUTLER AREA AND PROCEEDS NORTHEAST THROUGH DOE...LAUREL...AND TOWARD SHADY VALLEY. 1 FATALITY IN DOE AN (MRX),36.34,-82.05
350,UNK,12 E ELIZABETHTON,JOHNSON,TN,3634,8202,*** 2 FATAL *** POSSIBLE TORNADO. DAMAGE TRACK BEGINS AROUND THE BUTLER AREA AND PROCEEDS NORTHEAST THROUGH DOE...LAUREL...AND TOWARD SHADY VALLEY. 1 FATALITY IN DOE AN (MRX),36.34,-82.02
350,UNK,2 NW PINE MOUNTAIN VALL,HARRIS,GA,3282,8485,NWS STORM SURVEY TEAM DETERMINED THAN AN EF2 TORNADO TOUCHED DOWN IN HARRIS COUNTY. IT TRACKED FOR 24 MILES BEFORE LIFTING AROUND 9 MILES NORTHWEST OF THOMASTON AT APPR (FFC),32.82,-84.85
352,UNK,1 NW DOEVILLE,JOHNSON,TN,3640,8198,*** 2 FATAL *** EF2.PATH LENGTH NEAR 12 MILES. PATH WIDTH OF 250 YARDS. MAX WIND 120 MPH. BUILDINGS AND HOMES WERE DESTROYED. (MRX),36.4,-81.98
355,UNK,4 NE HAMILTON,HARRIS,GA,3280,8482,NWS STORM SURVEY TEAM DETERMINED THAN AN EF2 TORNADO TOUCHED DOWN IN HARRIS COUNTY AROUND 1150 PM. THIS IS A CONTINUATION OF THAT TORNADO. IT TRACKED FOR 24 MILES BEFOR (FFC),32.8,-84.82
403,UNK,6 NNE GAY,MERIWETHER,GA,3317,8453,*** 2 FATAL *** A NATIONAL WEATHER SERVICE STORM SURVEY TEAM DETERMINED THAT AN EF3 TORNADO WITH WINDS OF 140 MPH TOUCHED DOWN 6 MILES NORTH NORTHEAST OF GAY IN MERIWET (FFC),33.17,-84.53
407,UNK,WARM SPRINGS,MERIWETHER,GA,3289,8468,BROADCAST MEDIA REPORTED THAT THE ROOF WAS MISSING FROM MOUNTAIN VIEW ELEMENTARY SCHOOL IN WARM SPRINGS. (FFC),32.89,-84.68
407,UNK,WARM SPRINGS,MERIWETHER,GA,3289,8468,NWS STORM SURVEY TEAM DETERMINED THAN AN EF2 TORNADO TOUCHED DOWN IN HARRIS COUNTY AROUND 1150 PM EDT. THIS IS A CONTINUATION OF THAT TORNADO. IT TRACKED FOR 24 MILES B (FFC),32.89,-84.68
407,UNK,2 S WARM SPRINGS,MERIWETHER,GA,3286,8468,NWS STORM SURVEY TEAM DETERMINED THAN AN EF2 TORNADO TOUCHED DOWN IN HARRIS COUNTY AROUND 1150 PM EDT. THIS IS A CONTINUATION OF THAT TORNADO. IT TRACKED FOR 24 MILES B (FFC),32.86,-84.68
409,UNK,1 WNW WARM SPRINGS,MERIWETHER,GA,3290,8469,MERIWETHER COUNTY EMERGENCY MANAGEMENT REPORTS DAMAGE ALONG THE 4000 BLOCK OF ROOSEVELT RD AND 5000 BLOCK OF MT CARMEL RD. HUNDREDS OF TREES WERE DOWNED AND 5000 CUSTOM (FFC),32.9,-84.69
409,UNK,1 WNW WARM SPRINGS,MERIWETHER,GA,3290,8469,NWS STORM SURVEY TEAM DETERMINED THAN AN EF2 TORNADO TOUCHED DOWN IN HARRIS COUNTY AROUND 1150 PM EDT. THIS IS A CONTINUATION OF THAT TORNADO. IT TRACKED FOR 24 MILES B (FFC),32.9,-84.69
423,UNK,2 W SUNNY SIDE,SPALDING,GA,3334,8433,*** 2 FATAL *** AMATEUR RADIO RELAYED A REPORT OF A MOBILE HOME PARK DESTROYED BY A TORNADO 2 MILES WEST OF SPALDING. (FFC),33.34,-84.33
423,UNK,2 W SUNNY SIDE,SPALDING,GA,3334,8433,AMATEUR RADIO RELAYED A REPORT OF A MOBILE HOME PARK DESTROYED BY A TORNADO 2 MILES WEST OF SPALDING. (FFC),33.34,-84.33
427,UNK,2 NNE SUNNY SIDE,HENRY,GA,3336,8428,A NATIONAL WEATHER SERVICE STORM SURVEY TEAM DETERMINED THAT AN EF3 TORNADO WITH WINDS OF 140 MPH ORIGINATED IN MERIWETHER COUNTY...TRACKED ACROSS SPALDING COUNTY AND L (FFC),33.36,-84.28
427,UNK,2 NNE SUNNY SIDE,HENRY,GA,3336,8428,A NATIONAL WEATHER SERVICE STORM SURVEY TEAM DETERMINED THAT AN EF3 TORNADO WITH WINDS OF 140 MPH TOUCHED DOWN 6 MILES NORTH NORTHEAST OF GAY IN MERIWETHER COUNTY AT AP (FFC),33.36,-84.28
427,UNK,2 NNE SUNNY SIDE,HENRY,GA,3336,8428,HENRY COUNTY EMERGENCY MANAGEMENT REPORTED THOUSANDS OF DOWNED,33.36,-84.28
430,UNK,SCALY,MACON,NC,3501,8332,HOUSE DESTROYED BY TORNADO (GSP),35.01,-83.32
438,UNK,3 S MEANSVILLE,PIKE,GA,3301,8431,*** 2 FATAL *** A NATIONAL WEATHER SERVICE STORM SURVEY TEAM DETERMINED THAT AN EF3 TORNADO WITH WINDS OF 140 MPH CROSSED PIKE...LAMAR...MONROE AND BUTTS COUNTIES. THE (FFC),33.01,-84.31
500,UNK,1 WSW HIGH FALLS STATE,MONROE,GA,3317,8404,MONROE COUNTY EMERGENCY MANAGEMENT REPORTED 3 TRACTOR TRAILERS BLOWN OFF I-75 NEAR EXIT 196. PEOPLE WERE TRAPPED IN THE VEHICLES. DAMAGE TO HOMES AND TREES IN THE WELDO (FFC),33.17,-84.04
502,UNK,1 WSW HIGH FALLS STATE,MONROE,GA,3317,8404,MONROE COUNTY EMERGENCY MANAGEMENT REPORTED 3 TRACTOR TRAILERS BLOWN OFF I-75 NEAR EXIT 196. PEOPLE WERE TRAPPED IN THE VEHICLES. DAMAGE TO HOMES AND TREES IN THE WELDO (FFC),33.17,-84.04
511,UNK,1 W NEWBORN,NEWTON,GA,3352,8371,AN NWS STORM SURVEY DETERMINED THAT AN EF1 TORNADO TOUCHED DOWN 1 MILE WEST OF NEWBORN IN NEWTON COUNTY AT APPROXIMATELY 111 AM EDT AND LIFTED 6 MILES WEST OF GREENSBOR (FFC),33.52,-83.71
515,UNK,GLADE SPRING,WASHINGTON,VA,3679,8177,*** 3 FATAL,36.79,-81.77
515,UNK,GLADE SPRING,WASHINGTON,VA,3679,8177,*** 3 FATAL,36.79,-81.77
515,UNK,2 NW CHILHOWIE,SMYTH,VA,3682,8172,*** 1 INJ *** A NWS STORM SURVEY TEAM CONCLUDED THAT A TORNADO ENTERED SMYTH COUNTY FROM WASHINGTON COUNTY AT 115 AM EDT AND LIFTED ALONG CARLOCK CREEK ROAD NEAR BRUSHY (RNK),36.82,-81.72
525,UNK,ERIN,CHEMUNG,NY,4218,7667,EF2 TORNADO WITH MAX WIND SPEEDS OF 130 MPH OCCURRED IN ERIN NY. THIS TORNADO HAD A PATH LENGTH OF 0.7 MILES AND A PATH WIDTH OF 0.25 MILES. SIGNIFICANT TREE DAMAGE OCC (BGM),42.18,-76.67
525,UNK,MADISON,MORGAN,GA,3360,8347,MORGAN COUNTY EMERGENCY MANAGEMENT REPORTS BUILDINGS DESTROYED...MULTIPLE DOWNED TREES AND POWERLINES...AND ROADS BLOCKED LEADING INTO MADISON. (FFC),33.6,-83.47
527,UNK,2 N TOWN CREEK,ALLEGANY,MD,3956,7854,BRIEF TOUCHDOWN. MAX WINDS 85 MPH. PRELIMINARY EF-0 RATING. DAMAGE CONSISTED OF NUMEROUS UPROOTED TREES. SOME TREES TOPPED. ONE TREE PARTIALLY DOWN ON A HOUSE. PRELIMIN (LWX),39.56,-78.54
530,UNK,FORSYTH,MONROE,GA,3303,8394,ROOF RIPPED OFF THE BACK OF A HOUSE. MANY TREES DOWN. (FFC),33.03,-83.94
530,UNK,SWARTWOOD,CHEMUNG,NY,4223,7662,EMERGENCY MANAGEMENT REPORTS POSSIBLE TORNADO. 6 HOMES DAMAGED AND NOT HABITABLE...NUMEROUS TREES DOWN. (BGM),42.23,-76.62
535,UNK,3 WNW GREEN RIDGE,ALLEGANY,MD,3960,7848,BRIEF TOUCHDOWN IN GREEN RIDGE STATE FOREST OFF MARTENS RD. THREE DOZEN LARGE TREES UPROOTED AND OR TOPPED. PATH LENGTH 0.1 MILES. PRELIMINARY RATED AS EF-0 DAMAGE. MAX (LWX),39.6,-78.48
540,UNK,DANBY,TOMPKINS,NY,4235,7648,AN EF1 TORNADO WITH A PATH LENGTH OF 1.73 MILES AND A WIDTH OF 0.15 MILES PRODUCED SIGNIFICANT TREE DAMAGE. A METAL OUTBUILDING COLLAPSED AND ONE BARN RECEIVED ROOF DAM (BGM),42.35,-76.48
540,UNK,1 NE DANBY,TOMPKINS,NY,4236,7647,POSSIBLE TORNADO...4 TO 5 HOMES WITH MAJOR STRUCTURAL DAMAGE (BGM),42.36,-76.47
621,UNK,2 SSE ORKNEY SPRINGS,SHENANDOAH,VA,3876,7880,TREES DOWN AND STRUCTURAL DAMAGE TO HOUSE. (LWX),38.76,-78.8
622,UNK,SWARTWOOD,CHEMUNG,NY,4223,7662,EMERGENCY MANAGEMENT REPORTS POSSIBLE TORNADO. 6 HOMES DAMAGED AND NOT HABITABLE...NUMEROUS TREES DOWN. (BGM),42.23,-76.62
630,UNK,BROAD TOP CITY,HUNTINGDON,PA,4020,7814,SURVEY RATED THE DAMAGE AS EF1 MAGNITUDE. PATH LENGTH 4 MILES. TWO HOMES SUSTAINED MINOR DAMAGE. MANY TREES DAMAGED OR UPROOTED. (CTP),40.2,-78.14
630,UNK,8 SE EATONTON,PUTNAM,GA,3324,8329,EMERGENCY MANAGER STORM SURVEY DETERMINED THAT AN EF1 TORNADO DEVELOPED 8 MILES SOUTHEAST OF EATONTON AROUND 230 AM EDT. IT TRACKED FOR 7 MILES INTO WEST HANCOCK COUNTY (FFC),33.24,-83.29
631,UNK,1 E CHRISTIAN,AUGUSTA,VA,3818,7921,4 MILE TRACK. NOT YET RATED. NUMEROUS TREES SNAPPED OR UPROOTED. DAMAGE TO SEVERAL HOUSES. ROOFING REMOVED ON MULTIPLE RESIDENCES. SEVERAL OUT BUILDINGS DESTROYED. (LWX),38.18,-79.21
650,UNK,8 SE EATONTON,PUTNAM,GA,3324,8329,EMERGENCY MANAGER STORM SURVEY DETERMINED THAT AN EF1 TORNADO DEVELOPED 8 MILES SOUTHEAST OF EATONTON AROUND 250 AM EDT. IT TRACKED FOR 7 MILES INTO WEST HANCOCK COUNTY (FFC),33.24,-83.29
658,UNK,1 NE EAST WATERFORD,JUNIATA,PA,4038,7759,SURVEY RATED THE DAMAGE AS EF0 MAGNITUDE. PATH LENGTH 8.4 MILES. PATH NOT CONTINUOUS. MANY TREES DAMAGED. SEVERAL BARNS SUSTAINED MINOR TO MODERATE ROOF DAMAGE. (CTP),40.38,-77.59
700,UNK,MORGANTON,BURKE,NC,3574,8170,TORNADO CONFIRMED ON THE GROUND AT HWY 18/64. (GSP),35.74,-81.7
700,UNK,PHARSALIA,CHENANGO,NY,4258,7577,AN EF2 TORNADO WITH A PATH LENGTH OF 8 MILES AND A WIDTH OF 400 YARDS PRODUCED SIGNIFICANT TREE DAMAGE AND SOME STRUCTURAL DAMAGE. HUNDREDS OF LARGE TREES WERE SNAPPED (BGM),42.58,-75.77
701,UNK,1 S LINVILLE,ROCKINGHAM,VA,3850,7884,EF-1 TORNADO. PEAK WINDS 90 MPH. PATH LENGTH 0.9 MILES. PATH WIDTH 50 YARDS. (LWX),38.5,-78.84
715,UNK,5 E LENOIR,CALDWELL,NC,3591,8145,DAMAGE TO HOMES AND BUILDINGS ON LAZY CREEK LANE...TEMPLEHILL BIRCH ROAD...MORRIS CREEK ROAD...BURNS ROAD. (GSP),35.91,-81.45
720,UNK,3 E HUDSON,CALDWELL,NC,3585,8143,*** 1 INJ *** AN EF-1 TORNADO OCCURRED ABOUT 5-7 MILES SOUTHEAST OF LENOIR AND TRAVELED TO THE NORTHEAST ON A CONTINUOUS 4.5 MILE PATH. THE TORNADO PRODUCED SCATTERED S (GSP),35.85,-81.43
735,UNK,3 SW ELLENDALE,ALEXANDER,NC,3590,8132,AN EF1 TORNADO OCCURRED 4-8 MILES W-NW OF TAYLORSVILLE. THE TORNADO MOVED ON AN INTERMITTENT TRACK OF 5 MILES. IT PRODUCED SCATTERED STRUCTURAL DAMAGE AND BLEW DOWN OR (GSP),35.9,-81.32
739,UNK,4 SW NORWOOD,WARREN,GA,3342,8276,AN NWS STORM SURVEY DETERMINED THAT AN EF1 TORNADO TOUCHED DOWN 4 MILES SOUTHWEST OF NORWOOD AT APPROXIMATELY 339 AM AND LIFTED 1 MILE NORTHEAST OF CAMAK AT APPROXIMATE (FFC),33.42,-82.76
740,UNK,3 W TAYLORSVILLE,ALEXANDER,NC,3592,8123,POSSIBLE TORNADO DAMAGE TO MOBILE HOME 3 MILES WEST OF TAYLORSVILLE JUST OFF HWY 64. (GSP),35.92,-81.23
745,UNK,1 NE STRASBURG,SHENANDOAH,VA,3900,7834,EF-0 TORNADO. PEAK WINDS 70 MPH. PATH LENGTH 5.3 MILES. PATH WIDTH 175 YARDS. TORNADO CONTINUED INTO FREDERICK COUNTY. (LWX),39,-78.34
756,UNK,2 ENE PLEASANT VALLEY,ROCKINGHAM,VA,3840,7886,EF-1 TORNADO. PEAK WINDS 90 MPH. PATH LENGTH 1.8 MILES. PATH WIDTH 150 YARDS. (LWX),38.4,-78.86
800,UNK,5 SSE MC DONOUGH,CHENANGO,NY,4244,7573,A TORNADO TOUCHED DOWN IN THE EARLY MORNING HOURS OF APRIL 28 ABOUT 4.5 MILES SOUTH-SOUTHEAST OF MCDONOUGH AND MOVED NORTHEAST CUTTING A PATH THROUGH HEAVY WOODS. THE T (BGM),42.44,-75.73
830,UNK,COLUMBUS,CHENANGO,NY,4268,7537,AN EF1 TORNADO...WITH MAXIMUM WINDS NEAR 95 MPH...TOUCHED DOWN IN THE TOWN OF COLUMBUS IN NORTHEASTERN CHENANGO COUNTY...AT ABOUT 430 AM. THE TORNADO SKIPPED ALONG...FO (BGM),42.68,-75.37
900,UNK,FRANKFORT CENTER,HERKIMER,NY,4305,7514,POSSIBLE TORNADO. MULTIPLE TREES UPROOTED AND A SIDE OF HOUSE PLASTERED IN MUD. (ALY),43.05,-75.14
900,UNK,FRANKFORT CENTER,HERKIMER,NY,4305,7514,POSSIBLE TORNADO. TOPS OF TREES SHEARED OFF AND A ROOF BLOWN OFF A HOUSE. (ALY),43.05,-75.14
900,UNK,FRANKFORT,HERKIMER,NY,4304,7507,POSSIBLE TORNADO. SIGNIFICANT DAMAGE TO HOUSE ON BROCKWAY ROAD. (ALY),43.04,-75.07
904,UNK,6 SSE UTICA,HERKIMER,NY,4302,7518,A NWS SURVEY TEAM RATED THE TORNADO AS EF1. NUMEROUS TREES SNAPPED AND UPROOTED. STRUCTURAL DAMAGE TO HOMES INCLUDED ROOFS AND SIDING BEING TORN OFF. A GARAGE WAS MOVED (ALY),43.02,-75.18
915,UNK,FRANKFORT,HERKIMER,NY,4304,7507,POSSIBLE TORNADO. MULTIPLE HOUSES DAMAGE ON ALBANY STREET. (ALY),43.04,-75.07
950,UNK,2 NW UNIONDALE,SUSQUEHANNA,PA,4173,7551,AN EF0 TORNADO...WITH A PATH LENGTH OF 1.2 MILES...AND A PATH WIDTH OF AROUND 80 YARDS...CAUSED TREE AND SOME STRUCTURAL DAMAGE. MANY TREES WERE UPROOTED...WITH THE TOR (BGM),41.73,-75.51
952,UNK,MARIANNA MUNICIPAL A/P,JACKSON,FL,3083,8518,7 AIRCRAFT DAMAGED OR DESTROYED. SEVERAL NEARBY HOMES RECEIVED DAMAGE AS WELL. (TAE),30.83,-85.18
952,UNK,MARIANNA MUNICIPAL A/P,JACKSON,FL,3083,8518,CONFIRMED EF-1 TORNADO AT THE MARIANNA MUNICIPAL AIRPORT. DAMAGE TO SEVERAL PLANES AT THE FIELD AND SEVERAL TREES SNAPPED. DAMAGE PATH INTERMITTENT FOR 3 MILES WITH A M (TAE),30.83,-85.18
955,UNK,1 NW FORTNEY,YORK,PA,4011,7693,EF1 TORNADO CONFIRMED AT ROUNDTOP MTN RESORT (CTP),40.11,-76.93
1007,UNK,DELLWOOD,JACKSON,FL,3082,8505,(TAE),30.82,-85.05
1010,UNK,SPECULATOR,HAMILTON,NY,4358,7438,POSSIBLE TORNADO. TREES DOWN NORTHEAST OF VILLAGE OF SPECULATOR ALONG ROUTE 30. (ALY),43.58,-74.38
1025,UNK,PALMYRA,LEBANON,PA,4031,7659,EF1 TORNADO CONFIRMED IN PALMYRA BORO (CTP),40.31,-76.59
1030,UNK,ONO,LEBANON,PA,4040,7653,4 HOMES MODERATELY DAMAGED...1 BARN AND 1 FARM OUT BUILDING DESTROYED...2 HIGH TENSION LINES TOPPLED. 1 COW INJURED AND APPROXIMATELY 200 TREES KNOCKED DOWN. EF2 TORNAD (CTP),40.4,-76.53
1045,UNK,1 NW POOLESVILLE,MONTGOMERY,MD,3915,7742,EF-0 TORNADO CONFIRMED NORTH OF POOLESVILLE. DAMAGE TO TREES AND A FENCE WAS OBSERVED...AND A TRAMPOLINE WAS MANGLED...LOFTED AND DEPOSITED ATOP A POWER POLE. (LWX),39.15,-77.42
1140,UNK,8 NE ST. MATTHEWS,CALHOUN,SC,3375,8068,SURVEY CONFIRMED EF1 TORNADO WITH WINDS NEAR 100 MPH NEAR FT MOTTE. WIDTH WAS 1/4 OF A MILE. NUMEROUS TREES DOWN. IRRIGATION SYSTEM OVERTURNED. BARN DAMAGED. (CAE),33.75,-80.68
1140,UNK,8 NE ST. MATTHEWS,CALHOUN,SC,3375,8068,TORNADO TOUCHDOWN IN THE AREA OF HWYS 601 AND 419 AND IN THE FT. MOTTE COMMUNITY. TREES AND POWERLINES DOWN. ALSO MARBLE SIZE HAIL IN THE VICINITY. (CAE),33.75,-80.68
1146,UNK,1 ESE WESTMINSTER,CARROLL,MD,3957,7698,EF-0 TORNADO. PEAK WINDS 65 MPH. PATH LENGTH 0.6 MILE. PATH WIDTH 50 YARDS. (LWX),39.57,-76.98
1150,UNK,5 SSW MILLWOOD,SUMTER,SC,3385,8043,SURVEY CONFIRMED EF1 TORNADO WITH WINDS NEAR 90 MPH. LENGTH WAS 12 MILES WITH INTERMITTENT TOUCHDOWNS. WIDTH WAS 1/8 MILE. NUMEROUS TREES SNAPPED AND DAMAGED. LARGE TRE (CAE),33.85,-80.43
